0.00,0.00,0.00,0.02,2222
0.00,0.01,0.00,0.02,3957
0.01,0.00,0.00,0.02,5638
0.01,0.01,0.00,0.03,7318
0.01,0.01,0.00,0.04,8997
0.01,0.01,0.00,0.05,10678
0.02,0.01,0.00,0.05,12358
0.02,0.02,0.01,0.06,14038
0.02,0.02,0.01,0.06,15718
0.02,0.02,0.01,0.07,17397
0.03,0.02,0.01,0.07,19078
0.03,0.03,0.01,0.08,20758
0.03,0.03,0.02,0.07,22437
0.03,0.03,0.02,0.08,24118
0.04,0.03,0.02,0.09,25798
0.04,0.04,0.02,0.09,27478
0.04,0.04,0.02,0.09,29158
0.05,0.04,0.02,0.10,30837
0.05,0.05,0.02,0.10,32518
0.00,0.01,0.00,0.02,1674
0.00,0.00,0.00,0.02,3354
0.01,0.00,0.00,0.02,5033
0.01,0.01,0.00,0.03,6714
0.01,0.01,0.01,0.04,8394
0.01,0.01,0.01,0.05,10074
0.02,0.02,0.01,0.05,11754
0.02,0.02,0.01,0.06,13433
0.02,0.02,0.01,0.06,15114
0.02,0.02,0.01,0.07,16794
0.03,0.02,0.02,0.07,18473
0.03,0.03,0.02,0.07,20154
0.03,0.03,0.02,0.08,21834
0.03,0.03,0.02,0.09,23514
0.04,0.04,0.02,0.09,25194
0.04,0.04,0.02,0.09,26873
0.04,0.04,0.02,0.09,28554
0.05,0.04,0.02,0.10,30234
0.05,0.04,0.02,0.10,31913
0.05,0.05,0.03,0.11,33594
0.05,0.06,0.03,0.11,35286
0.06,0.05,0.02,0.11,36966
0.06,0.05,0.03,0.11,38645
0.06,0.06,0.03,0.11,40326
0.06,0.06,0.03,0.11,42006
0.07,0.05,0.04,0.11,43685
0.07,0.08,0.04,0.11,45366
0.07,0.06,0.03,0.11,47046
0.07,0.07,0.04,0.11,48726
0.07,0.08,0.04,0.11,50406
0.08,0.08,0.04,0.11,52085
0.08,0.08,0.04,0.11,53793
0.08,0.11,0.05,0.11,55474
0.08,0.08,0.04,0.11,57154
0.09,0.11,0.05,0.11,58833
0.09,0.08,0.04,0.11,60514
0.09,0.11,0.05,0.11,62194
0.09,0.09,0.05,0.11,63874
0.10,0.11,0.05,0.11,65554
0.10,0.08,0.05,0.11,67246
0.10,0.12,0.07,0.12,68926
0.10,0.09,0.06,0.12,70605
0.11,0.10,0.06,0.12,72286
0.11,0.09,0.06,0.12,73966
0.11,0.11,0.06,0.12,75645
0.11,0.13,0.06,0.12,77326
0.12,0.13,0.06,0.12,79006
0.12,0.09,0.05,0.12,80686
0.12,0.10,0.06,0.12,82366
0.12,0.12,0.06,0.12,84045
0.13,0.12,0.07,0.12,85726
0.13,0.11,0.07,0.12,87406
0.13,0.13,0.07,0.12,89085
0.13,0.15,0.07,0.12,90766
0.14,0.14,0.07,0.12,92446
0.14,0.12,0.06,0.12,94126
0.14,0.15,0.08,0.12,95806
0.14,0.16,0.07,0.12,97485
0.15,0.14,0.08,0.13,99178
0.15,0.17,0.09,0.13,100857
0.15,0.18,0.08,0.13,102538
0.15,0.17,0.08,0.12,104218
0.16,0.18,0.08,0.13,105897
0.16,0.14,0.08,0.13,107578
0.16,0.17,0.08,0.13,109258
0.16,0.14,0.08,0.13,110938
0.17,0.16,0.08,0.13,112618
0.17,0.16,0.09,0.13,114297
0.17,0.16,0.09,0.13,115978
0.17,0.20,0.10,0.13,117658
0.18,0.16,0.09,0.13,119337
0.18,0.15,0.10,0.13,121018
0.18,0.16,0.09,0.13,122698
0.18,0.16,0.10,0.13,124378
0.19,0.17,0.10,0.13,126058
0.19,0.16,0.10,0.13,127737
0.19,0.21,0.12,0.13,129430
0.19,0.19,0.11,0.13,131109
0.20,0.18,0.10,0.13,132790
0.20,0.20,0.11,0.13,134470
0.20,0.18,0.10,0.13,136150
0.20,0.22,0.12,0.13,137830
0.21,0.17,0.10,0.14,139509
0.21,0.18,0.10,0.13,141190
0.21,0.22,0.11,0.13,142870
0.21,0.24,0.12,0.14,144549
0.22,0.25,0.12,0.14,146230
0.22,0.25,0.13,0.14,147910
0.22,0.25,0.12,0.14,149590
0.22,0.25,0.13,0.14,151270
0.23,0.25,0.12,0.14,152949
0.23,0.21,0.11,0.14,154630
0.23,0.24,0.12,0.14,156310
0.23,0.24,0.13,0.14,158018
0.24,0.26,0.14,0.14,159710
0.24,0.23,0.12,0.14,161390
0.24,0.22,0.12,0.14,163069
0.24,0.25,0.13,0.14,164750
0.25,0.26,0.14,0.14,166430
0.25,0.24,0.13,0.14,168110
0.25,0.22,0.13,0.14,169790
0.25,0.26,0.14,0.14,171469
0.26,0.21,0.13,0.14,173150
0.26,0.27,0.14,0.14,174830
0.26,0.29,0.14,0.15,176509
0.26,0.25,0.13,0.15,178190
0.27,0.30,0.14,0.15,179870
0.27,0.27,0.14,0.14,181550
0.27,0.29,0.14,0.15,183230
0.27,0.28,0.15,0.15,184909
0.28,0.29,0.16,0.15,186590
0.28,0.28,0.15,0.15,188270
0.28,0.29,0.16,0.15,189949
0.28,0.27,0.15,0.15,191642
0.29,0.27,0.15,0.15,193321
0.29,0.26,0.15,0.15,195002
0.29,0.27,0.14,0.15,196682
0.29,0.30,0.16,0.15,198362
0.30,0.27,0.14,0.15,200042
0.30,0.14,0.08,0.32,201721
0.30,0.06,0.04,0.72,203402
0.30,0.05,0.03,0.98,205082
0.31,0.05,0.03,0.98,206761
0.31,0.05,0.03,0.98,208442
0.31,0.05,0.03,0.98,210122
0.31,0.05,0.03,0.98,211802
0.32,0.05,0.02,0.98,213482
0.32,0.05,0.02,0.98,215161
0.32,0.05,0.02,0.98,216842
0.32,0.05,0.03,0.98,218522
0.33,0.05,0.03,0.98,220201
0.33,0.05,0.03,0.98,221894
0.33,0.05,0.02,0.98,223574
0.33,0.05,0.02,0.98,225254
0.34,0.05,0.02,0.98,226933
0.34,0.05,0.02,0.98,228614
0.34,0.05,0.02,0.98,230294
0.34,0.05,0.03,0.98,231973
0.35,0.05,0.03,0.98,233654
0.35,0.05,0.03,0.98,235334
0.35,0.05,0.03,0.98,237014
0.35,0.05,0.03,0.98,238694
0.36,0.05,0.03,0.98,240373
0.36,0.05,0.03,0.98,242054
0.36,0.05,0.02,0.98,243734
0.36,0.05,0.02,0.98,245413
0.37,0.05,0.02,0.98,247094
0.37,0.05,0.02,0.98,248774
0.37,0.05,0.03,0.98,250454
0.37,0.05,0.03,0.98,252146
0.38,0.05,0.03,0.98,253826
0.38,0.05,0.03,0.98,255506
0.38,0.05,0.02,0.98,257185
0.38,0.05,0.02,0.98,258866
0.39,0.05,0.02,0.98,260546
0.39,0.05,0.02,0.98,262258
0.39,0.05,0.02,0.98,263938
0.39,0.05,0.03,0.98,265618
0.40,0.05,0.03,0.98,267297
0.40,0.05,0.03,0.98,268978
0.40,0.05,0.03,0.98,270658
0.40,0.05,0.03,0.98,272337
0.41,0.05,0.03,0.98,274018
0.41,0.05,0.03,0.98,275698
0.41,0.05,0.02,0.98,277378
0.41,0.05,0.02,0.98,279058
0.42,0.05,0.02,0.98,280737
0.42,0.05,0.03,0.98,282418
0.42,0.05,0.02,0.98,284086
0.42,0.05,0.02,0.98,285766
0.43,0.05,0.02,0.98,287446
0.43,0.05,0.03,0.98,289126
0.43,0.05,0.03,0.98,290805
0.43,0.05,0.03,0.98,292486
0.44,0.05,0.03,0.98,294166
0.44,0.05,0.03,0.98,295845
0.44,0.05,0.02,0.98,297526
0.44,0.05,0.02,0.98,299206
0.45,0.05,0.02,0.98,300886
0.45,0.05,0.02,0.98,302566
0.45,0.05,0.02,0.98,304245
0.45,0.05,0.03,0.98,305926
0.46,0.05,0.03,0.98,307606
0.46,0.05,0.03,0.98,309285
0.46,0.05,0.03,0.98,310966
0.46,0.05,0.03,0.98,312646
0.47,0.05,0.03,0.98,314338
0.47,0.05,0.03,0.98,316018
0.47,0.06,0.03,0.98,317698
0.47,0.06,0.03,0.98,319378
0.48,0.00,0.00,0.98,321057
0.48,0.00,0.00,0.98,322738
0.48,0.00,0.00,0.98,324418
0.48,0.00,0.00,0.98,326097
0.49,0.00,0.00,0.98,327778
0.49,0.00,0.00,0.98,329458
0.49,0.00,0.00,0.98,331138
0.49,0.00,0.00,0.98,332818
0.50,0.00,0.00,0.98,334497
0.50,0.00,0.00,0.98,336178
0.50,0.00,0.00,0.98,337858
0.50,0.00,0.00,0.98,339537
0.51,0.00,0.00,0.98,341218
0.51,0.00,0.00,0.98,342898
0.51,0.00,0.00,0.98,344590
0.51,0.00,0.00,0.98,346270
0.52,0.00,0.00,0.98,347950
0.52,0.00,0.00,0.98,349630
0.52,0.00,0.00,0.98,351309
0.52,0.00,0.00,0.98,352990
0.53,0.00,0.00,0.98,354670
0.53,0.00,0.00,0.98,356349
0.53,0.00,0.00,0.98,358030
0.53,0.00,0.00,0.98,359710
0.54,0.00,0.00,0.98,361390
0.54,0.00,0.00,0.98,363070
0.54,0.00,0.00,0.98,364749
0.54,0.00,0.00,0.98,366453
0.55,0.00,0.00,0.98,368134
0.55,0.00,0.00,0.98,369814
0.55,0.00,0.00,0.98,371493
0.55,0.00,0.00,0.98,373174
0.56,0.00,0.00,0.98,374865
0.56,0.00,0.00,0.98,376546
0.56,0.00,0.01,0.98,378226
0.56,0.00,0.00,0.98,379906
0.57,0.00,0.00,0.98,381586
0.57,0.00,0.00,0.98,383265
0.57,0.00,0.00,0.98,384946
0.57,0.00,0.00,0.98,386626
0.58,0.00,0.00,0.98,388305
0.58,0.00,0.00,0.98,389986
0.58,0.00,0.00,0.98,391666
0.58,0.00,0.00,0.98,393346
0.59,0.00,0.00,0.98,395026
0.59,0.00,0.00,0.98,396705
0.59,0.00,0.00,0.98,398386
0.59,0.00,0.00,0.98,400066
0.60,0.00,0.00,0.98,401745
0.60,0.00,0.00,0.98,403426
0.60,0.00,0.00,0.98,405106
0.60,0.00,0.00,0.98,406798
0.61,0.00,0.00,0.98,408478
0.61,0.00,0.00,0.98,410158
0.61,0.00,0.00,0.98,411838
0.61,0.00,0.00,0.98,413517
0.62,0.00,0.00,0.98,415198
0.62,0.00,0.01,0.98,416878
0.62,0.00,0.00,0.98,418557
0.62,0.00,0.00,0.98,420238
0.63,0.00,0.00,0.98,421918
0.63,0.00,0.00,0.98,423598
0.63,0.00,0.00,0.98,425278
0.63,0.00,0.00,0.98,426957
0.64,0.00,0.00,0.98,428638
0.64,0.00,0.00,0.98,430318
0.64,0.00,0.00,0.98,431997
0.64,0.00,0.00,0.98,433678
0.65,0.00,0.00,0.98,435358
0.65,0.00,0.00,0.98,437050
0.65,0.00,0.00,0.98,438730
0.65,0.00,0.00,0.98,440410
0.66,0.00,0.00,0.98,442090
0.66,0.00,0.00,0.98,443769
0.66,0.00,0.00,0.98,445450
0.66,0.00,0.00,0.98,447130
0.67,0.00,0.00,0.98,448809
0.67,0.00,0.00,0.98,450490
0.67,0.00,0.00,0.98,452170
0.67,0.00,0.00,0.98,453850
0.68,0.00,0.00,0.98,455530
0.68,0.00,0.00,0.98,457209
0.68,0.00,0.00,0.98,458890
0.68,0.00,0.00,0.98,460570
0.69,0.00,0.00,0.98,462249
0.69,0.00,0.00,0.98,463930
0.69,0.00,0.00,0.98,465610
0.69,0.00,0.00,0.98,467302
0.70,0.00,0.00,0.98,468981
0.70,0.00,0.00,0.98,470686
0.70,0.00,0.00,0.98,472366
0.70,0.00,0.00,0.98,474046
0.71,0.00,0.00,0.98,475725
0.71,0.00,0.00,0.98,477406
0.71,0.00,0.00,0.98,479086
0.71,0.00,0.00,0.98,480765
0.72,0.00,0.00,0.98,482446
0.72,0.00,0.00,0.98,484126
0.72,0.00,0.00,0.98,485806
0.72,0.00,0.00,0.98,487486
0.73,0.00,0.00,0.98,489165
0.73,0.00,0.00,0.98,490846
0.73,0.00,0.00,0.98,492526
0.73,0.00,0.00,0.98,494205
0.74,0.00,0.00,0.98,495886
0.74,0.00,0.00,0.98,497566
0.74,0.00,0.00,0.98,499233
0.74,0.00,0.00,0.98,500914
0.75,0.00,0.00,0.98,502594
0.75,0.00,0.00,0.98,504273
0.75,0.00,0.00,0.98,505954
0.75,0.00,0.00,0.98,507634
0.76,0.00,0.00,0.98,509314
0.76,0.00,0.00,0.98,510994
0.76,0.00,0.00,0.98,512673
0.76,0.00,0.00,0.98,514354
0.77,0.00,0.00,0.98,516034
0.77,0.00,0.00,0.98,517713
0.77,0.00,0.00,0.98,519394
0.77,0.00,0.00,0.98,521074
0.78,0.00,0.00,0.98,522754
0.78,0.00,0.00,0.98,524434
0.78,0.00,0.00,0.98,526113
0.78,0.00,0.00,0.98,527794
0.79,0.00,0.00,0.98,529485
0.79,0.00,0.00,0.98,531166
0.79,0.00,0.00,0.98,532846
0.79,0.00,0.00,0.98,534525
0.80,0.00,0.00,0.98,536206
0.80,0.00,0.00,0.98,537886
0.80,0.00,0.00,0.98,539566
0.80,0.00,0.00,0.98,541246
0.81,0.00,0.00,0.98,542925
0.81,0.00,0.00,0.98,544606
0.81,0.00,0.00,0.98,546286
0.81,0.00,0.00,0.98,547965
0.00,0.00,0.00,0.02,2330
0.00,0.00,0.00,0.02,4038
0.01,0.01,0.01,0.03,5718
0.01,0.01,0.00,0.04,7398
0.01,0.01,0.00,0.05,9077
0.01,0.01,0.00,0.05,10758
0.02,0.02,0.01,0.06,12449
0.02,0.02,0.01,0.07,14130
0.02,0.02,0.01,0.07,15810
0.02,0.02,0.01,0.08,17489
0.03,0.02,0.01,0.09,19170
0.03,0.03,0.02,0.09,20850
0.03,0.03,0.02,0.09,22530
0.03,0.03,0.02,0.10,24233
0.04,0.03,0.02,0.10,25914
0.04,0.03,0.02,0.10,27594
0.04,0.04,0.02,0.11,29274
0.05,0.04,0.02,0.12,30954
0.00,0.00,0.00,0.02,1674
0.00,0.00,0.00,0.02,3342
0.01,0.01,0.00,0.03,5022
0.01,0.01,0.00,0.04,6702
0.01,0.01,0.00,0.05,8382
0.01,0.01,0.00,0.05,10061
0.02,0.01,0.01,0.06,11742
0.02,0.02,0.01,0.07,13422
0.02,0.02,0.01,0.07,15114
0.02,0.02,0.01,0.08,16794
0.03,0.03,0.01,0.08,18473
0.03,0.03,0.02,0.09,20154
0.03,0.03,0.02,0.09,21834
0.03,0.03,0.02,0.10,23514
0.04,0.03,0.02,0.10,25194
0.04,0.04,0.02,0.11,26873
0.04,0.04,0.02,0.11,28554
0.05,0.04,0.02,0.12,30234
0.05,0.04,0.02,0.12,31913
0.05,0.04,0.02,0.12,33594
0.05,0.05,0.03,0.12,35274
0.06,0.04,0.02,0.12,36954
0.06,0.06,0.03,0.13,38634
0.06,0.07,0.03,0.12,40313
0.06,0.06,0.03,0.13,41994
0.07,0.07,0.03,0.12,43674
0.07,0.07,0.04,0.13,45353
0.07,0.07,0.03,0.13,47046
0.07,0.09,0.05,0.13,48726
0.07,0.07,0.04,0.13,50406
0.08,0.07,0.04,0.13,52085
0.08,0.07,0.05,0.13,53766
0.08,0.07,0.04,0.13,55446
0.08,0.09,0.04,0.13,57125
0.09,0.09,0.05,0.13,58806
0.09,0.07,0.04,0.13,60486
0.09,0.11,0.05,0.13,62166
0.09,0.11,0.05,0.13,63846
0.10,0.11,0.05,0.13,65525
0.10,0.11,0.05,0.13,67206
0.10,0.12,0.05,0.13,68886
0.10,0.09,0.04,0.13,70565
0.11,0.11,0.05,0.13,72246
0.11,0.09,0.05,0.13,73926
0.11,0.14,0.06,0.14,75606
0.11,0.11,0.06,0.14,77286
0.12,0.14,0.06,0.14,78978
0.12,0.12,0.06,0.14,80658
0.12,0.11,0.06,0.14,82337
0.12,0.11,0.06,0.14,84018
0.13,0.11,0.06,0.14,85698
0.13,0.10,0.06,0.14,87377
0.13,0.10,0.06,0.14,89058
0.13,0.13,0.08,0.14,90738
0.14,0.15,0.08,0.14,92418
0.14,0.13,0.08,0.14,94098
0.14,0.15,0.08,0.14,95777
0.14,0.12,0.08,0.14,97482
0.15,0.14,0.08,0.14,99162
0.15,0.12,0.08,0.14,100842
0.15,0.13,0.08,0.14,102521
0.15,0.13,0.08,0.14,104202
0.16,0.18,0.10,0.15,105882
0.16,0.16,0.09,0.14,107561
0.16,0.15,0.08,0.15,109254
0.16,0.16,0.09,0.14,110934
0.17,0.14,0.08,0.15,112614
0.17,0.17,0.09,0.15,114293
0.17,0.14,0.08,0.15,115974
0.17,0.16,0.09,0.15,117654
0.18,0.14,0.08,0.15,119333
0.18,0.17,0.09,0.15,121014
0.18,0.20,0.11,0.15,122694
0.18,0.18,0.10,0.15,124374
0.19,0.17,0.10,0.15,126054
0.19,0.19,0.10,0.15,127733
0.19,0.17,0.10,0.15,129414
0.19,0.18,0.10,0.15,131094
0.20,0.21,0.10,0.15,132773
0.20,0.21,0.11,0.15,134454
0.20,0.21,0.10,0.15,136134
0.20,0.21,0.11,0.15,137814
0.21,0.20,0.12,0.15,139494
0.21,0.23,0.12,0.15,141186
0.21,0.19,0.12,0.15,142866
0.21,0.20,0.11,0.15,144545
0.22,0.20,0.12,0.15,146226
0.22,0.23,0.12,0.15,147906
0.22,0.21,0.12,0.15,149585
0.22,0.20,0.12,0.15,151266
0.23,0.21,0.12,0.15,152946
0.23,0.19,0.11,0.15,154626
0.23,0.23,0.12,0.16,156306
0.23,0.26,0.13,0.16,157985
0.24,0.23,0.12,0.16,159666
0.24,0.24,0.13,0.16,161346
0.24,0.27,0.13,0.16,163025
0.24,0.23,0.13,0.16,164706
0.25,0.23,0.13,0.16,166386
0.25,0.23,0.13,0.16,168066
0.25,0.23,0.12,0.16,169746
0.25,0.26,0.13,0.16,171438
0.26,0.26,0.14,0.16,173118
0.26,0.25,0.14,0.16,174797
0.26,0.29,0.15,0.16,176478
0.26,0.27,0.14,0.16,178158
0.27,0.24,0.14,0.16,179837
0.27,0.26,0.14,0.16,181518
0.27,0.24,0.14,0.16,183198
0.27,0.26,0.14,0.16,184878
0.28,0.25,0.14,0.16,186558
0.28,0.26,0.14,0.16,188237
0.28,0.25,0.14,0.16,189918
0.28,0.28,0.15,0.16,191598
0.29,0.27,0.16,0.17,193277
0.29,0.27,0.16,0.16,194958
0.29,0.28,0.15,0.17,196638
0.29,0.31,0.16,0.16,198318
0.30,0.28,0.15,0.17,199998
0.30,0.31,0.17,0.16,201714
0.30,0.28,0.16,0.17,203394
0.30,0.27,0.15,0.16,205074
0.31,0.31,0.17,0.17,206753
0.31,0.31,0.16,0.16,208434
0.31,0.35,0.17,0.17,210114
0.31,0.33,0.18,0.17,211793
0.32,0.32,0.17,0.17,213474
0.32,0.35,0.17,0.17,215154
0.32,0.31,0.16,0.17,216834
0.32,0.31,0.16,0.17,218514
0.33,0.31,0.17,0.17,220193
0.33,0.30,0.16,0.17,221874
0.33,0.33,0.17,0.17,223554
0.33,0.33,0.17,0.17,225233
0.34,0.30,0.17,0.17,226914
0.34,0.36,0.20,0.17,228594
0.34,0.35,0.19,0.17,230274
0.34,0.36,0.19,0.17,231966
0.35,0.34,0.18,0.17,233646
0.35,0.37,0.19,0.17,235326
0.35,0.34,0.18,0.17,237005
0.35,0.35,0.19,0.17,238686
0.36,0.32,0.19,0.17,240366
0.36,0.34,0.19,0.17,242045
0.36,0.33,0.19,0.17,243726
0.36,0.36,0.20,0.17,245406
0.37,0.38,0.20,0.18,247086
0.37,0.40,0.20,0.18,248766
0.37,0.36,0.20,0.18,250445
0.37,0.39,0.20,0.18,252126
0.38,0.40,0.21,0.18,253806
0.38,0.37,0.20,0.18,255485
0.38,0.36,0.20,0.18,257166
0.38,0.39,0.21,0.18,258846
0.39,0.39,0.21,0.18,260526
0.39,0.40,0.20,0.18,262206
0.39,0.40,0.21,0.18,263898
0.39,0.39,0.21,0.18,265578
0.40,0.43,0.22,0.18,267257
0.40,0.42,0.22,0.18,268938
0.40,0.40,0.22,0.18,270618
0.40,0.43,0.22,0.18,272297
0.41,0.42,0.22,0.18,273978
0.41,0.42,0.22,0.18,275658
0.41,0.43,0.22,0.18,277338
0.41,0.39,0.22,0.18,279018
0.42,0.39,0.22,0.18,280697
0.42,0.39,0.22,0.18,282378
0.42,0.43,0.23,0.18,284058
0.42,0.40,0.22,0.18,285737
0.43,0.44,0.23,0.18,287418
0.43,0.41,0.23,0.19,289098
0.43,0.44,0.23,0.18,290778
0.43,0.46,0.23,0.18,292458
0.44,0.42,0.22,0.19,294150
0.44,0.46,0.23,0.18,295830
0.44,0.45,0.24,0.19,297509
0.44,0.46,0.23,0.18,299190
0.45,0.45,0.24,0.19,300870
0.45,0.43,0.24,0.19,302550
0.45,0.45,0.25,0.19,304230
0.45,0.44,0.24,0.19,305942
0.46,0.43,0.24,0.19,307621
0.46,0.47,0.26,0.19,309302
0.46,0.43,0.25,0.19,310982
0.46,0.47,0.26,0.19,312662
0.47,0.49,0.26,0.19,314342
0.47,0.45,0.24,0.19,316021
0.47,0.43,0.25,0.19,317702
0.47,0.47,0.26,0.19,319382
0.48,0.47,0.26,0.19,321061
0.48,0.46,0.25,0.19,322742
0.48,0.47,0.26,0.19,324433
0.48,0.50,0.27,0.19,326114
0.49,0.47,0.26,0.19,327794
0.49,0.50,0.27,0.19,329474
0.49,0.50,0.27,0.19,331154
0.49,0.51,0.26,0.19,332833
0.50,0.51,0.27,0.19,334514
0.50,0.51,0.26,0.19,336194
0.50,0.48,0.26,0.19,337873
0.50,0.54,0.28,0.20,339554
0.51,0.50,0.27,0.20,341234
0.51,0.53,0.27,0.20,342914
0.51,0.54,0.28,0.20,344594
0.51,0.52,0.28,0.20,346273
0.52,0.54,0.28,0.20,347954
0.52,0.53,0.28,0.20,349634
0.52,0.49,0.28,0.20,351313
0.52,0.53,0.28,0.20,352994
0.53,0.49,0.28,0.20,354674
0.53,0.52,0.28,0.20,356366
0.53,0.53,0.28,0.20,358046
0.53,0.53,0.28,0.20,359726
0.54,0.52,0.28,0.20,361406
0.54,0.53,0.28,0.20,363085
0.54,0.57,0.29,0.20,364766
0.54,0.53,0.28,0.20,366446
0.55,0.56,0.29,0.20,368125
0.55,0.57,0.30,0.20,369806
0.55,0.53,0.29,0.20,371486
0.55,0.52,0.29,0.20,373166
0.56,0.56,0.30,0.20,374846
0.56,0.56,0.30,0.20,376525
0.56,0.58,0.32,0.20,378206
0.56,0.56,0.30,0.20,379886
0.57,0.59,0.31,0.20,381565
0.57,0.56,0.30,0.20,383246
0.57,0.57,0.31,0.20,384926
0.57,0.60,0.31,0.20,386618
0.58,0.55,0.30,0.20,388298
0.58,0.55,0.31,0.20,389978
0.58,0.58,0.32,0.20,391658
0.58,0.59,0.32,0.20,393337
0.59,0.58,0.32,0.21,395018
0.59,0.59,0.32,0.21,396698
0.59,0.59,0.32,0.21,398377
0.59,0.58,0.32,0.21,400058
0.60,0.61,0.33,0.21,401738
0.60,0.58,0.32,0.21,403418
0.60,0.58,0.32,0.21,405098
0.60,0.58,0.32,0.21,406777
0.61,0.59,0.32,0.21,408458
0.61,0.57,0.32,0.21,410166
0.61,0.61,0.33,0.21,411846
0.61,0.57,0.32,0.21,413526
0.62,0.61,0.33,0.21,415206
0.62,0.60,0.34,0.21,416898
0.62,0.61,0.33,0.21,418578
0.62,0.65,0.34,0.21,420257
0.63,0.61,0.33,0.21,421938
0.63,0.60,0.34,0.21,423618
0.63,0.64,0.34,0.21,425297
0.63,0.60,0.34,0.21,426978
0.64,0.64,0.34,0.21,428658
0.64,0.65,0.34,0.21,430338
0.64,0.64,0.34,0.21,432018
0.64,0.64,0.34,0.22,433697
0.65,0.68,0.35,0.22,435378
0.65,0.67,0.35,0.21,437058
0.65,0.68,0.35,0.22,438737
0.65,0.64,0.34,0.22,440418
0.66,0.64,0.34,0.22,442098
0.66,0.68,0.35,0.21,443778
0.66,0.67,0.36,0.22,445458
0.66,0.68,0.35,0.21,447150
0.67,0.65,0.35,0.22,448830
0.67,0.68,0.35,0.21,450509
0.67,0.68,0.37,0.22,452190
0.67,0.71,0.38,0.22,453870
0.68,0.69,0.37,0.22,455549
0.68,0.67,0.36,0.22,457230
0.68,0.68,0.37,0.22,458910
0.68,0.70,0.37,0.22,460590
0.69,0.70,0.37,0.22,462270
0.69,0.71,0.38,0.22,463949
0.69,0.68,0.37,0.22,465630
0.69,0.71,0.38,0.22,467310
0.70,0.70,0.38,0.22,468989
0.70,0.68,0.38,0.22,470670
0.70,0.70,0.38,0.22,472350
0.70,0.68,0.38,0.22,474030
0.71,0.72,0.39,0.22,475710
0.71,0.74,0.38,0.22,477389
0.71,0.71,0.38,0.22,479082
0.71,0.74,0.39,0.22,480761
0.72,0.73,0.39,0.22,482442
0.72,0.68,0.38,0.22,484122
0.72,0.72,0.39,0.22,485801
0.72,0.69,0.38,0.22,487482
0.73,0.73,0.40,0.23,489162
0.73,0.73,0.39,0.23,490842
0.73,0.75,0.41,0.23,492522
0.73,0.73,0.39,0.23,494201
0.74,0.71,0.40,0.23,495882
0.74,0.75,0.40,0.23,497562
0.74,0.77,0.40,0.23,499241
0.74,0.74,0.40,0.23,500922
0.75,0.72,0.40,0.23,502602
0.75,0.00,0.00,0.45,504282
0.75,0.00,0.00,0.85,505962
0.75,0.00,0.00,0.98,507641
0.76,0.00,0.00,0.98,509334
0.76,0.00,0.00,0.98,511013
0.76,0.00,0.00,0.98,512717
0.76,0.00,0.00,0.98,514398
0.77,0.00,0.00,0.98,516078
0.77,0.00,0.00,0.98,517757
0.77,0.00,0.00,0.98,519438
0.77,0.00,0.00,0.98,521118
0.78,0.00,0.00,0.98,522798
0.78,0.00,0.00,0.98,524478
0.78,0.00,0.00,0.98,526157
0.78,0.00,0.00,0.98,527838
0.79,0.00,0.00,0.98,529518
0.79,0.00,0.00,0.98,531197
0.79,0.00,0.00,0.98,532878
0.79,0.00,0.00,0.98,534558
0.80,0.00,0.00,0.98,536238
0.80,0.00,0.00,0.98,537918
0.80,0.00,0.00,0.98,539610
0.80,0.00,0.00,0.98,541290
0.81,0.00,0.00,0.98,542969
0.81,0.00,0.00,0.98,544650
0.81,0.00,0.00,0.98,546330
0.81,0.00,0.00,0.98,548009
0.82,0.00,0.00,0.98,549690
0.82,0.00,0.00,0.98,551370
0.82,0.00,0.00,0.98,553050
0.82,0.00,0.00,0.98,554730
0.83,0.00,0.00,0.98,556409
0.83,0.00,0.00,0.98,558090
0.83,0.00,0.01,0.98,559770
0.83,0.00,0.00,0.98,561449
0.84,0.00,0.00,0.98,563130
0.84,0.00,0.00,0.98,564810
0.84,0.00,0.00,0.98,566490
0.84,0.00,0.00,0.98,568170
0.85,0.00,0.00,0.98,569849
0.85,0.00,0.00,0.98,571542
0.85,0.00,0.00,0.98,573221
0.85,0.00,0.00,0.98,574902
0.86,0.00,0.00,0.98,576582
0.86,0.00,0.00,0.98,578262
0.86,0.00,0.00,0.98,579942
0.86,0.00,0.00,0.98,581621
0.87,0.00,0.00,0.98,583302
0.87,0.00,0.00,0.98,584982
0.87,0.00,0.00,0.98,586661
0.87,0.00,0.00,0.98,588342
0.88,0.00,0.00,0.98,590022
0.88,0.00,0.00,0.98,591702
0.88,0.00,0.00,0.98,593382
0.88,0.00,0.00,0.98,595061
0.89,0.00,0.00,0.98,596742
0.89,0.00,0.00,0.98,598422
0.89,0.00,0.00,0.98,600101
0.89,0.00,0.00,0.98,601794
0.90,0.00,0.00,0.98,603473
0.90,0.00,0.00,0.98,605154
0.90,0.00,0.00,0.98,606834
0.90,0.00,0.00,0.98,608514
0.91,0.00,0.00,0.98,610194
0.91,0.00,0.00,0.98,611873
0.91,0.00,0.00,0.98,613554
0.91,0.00,0.00,0.98,615234
0.92,0.00,0.00,0.98,616938
0.92,0.00,0.00,0.98,618626
0.92,0.00,0.00,0.98,620306
0.92,0.00,0.00,0.98,621985
0.93,0.00,0.00,0.98,623666
0.93,0.00,0.00,0.98,625346
0.93,0.00,0.00,0.98,627025
0.93,0.00,0.00,0.98,628706
0.94,0.00,0.01,0.98,630386
0.94,0.00,0.00,0.98,632078
0.94,0.00,0.00,0.98,633758
0.94,0.00,0.00,0.98,635438
0.95,0.00,0.00,0.98,637118
0.95,0.00,0.00,0.98,638797
0.95,0.00,0.00,0.98,640478
0.95,0.00,0.00,0.98,642158
0.96,0.00,0.00,0.98,643837
0.96,0.00,0.00,0.98,645518
0.96,0.00,0.00,0.98,647198
0.96,0.00,0.00,0.98,648878
0.97,0.00,0.00,0.98,650558
0.97,0.00,0.00,0.98,652237
0.97,0.00,0.00,0.98,653918
0.97,0.00,0.00,0.98,655598
0.98,0.00,0.00,0.98,657277
0.98,0.00,0.00,0.98,658958
0.98,0.00,0.00,0.98,660638
0.98,0.00,0.00,0.98,662330
0.99,0.00,0.00,0.98,664010
0.99,0.00,0.00,0.98,665690
0.99,0.00,0.00,0.98,667370
0.99,0.00,0.00,0.98,669049
1.00,0.00,0.00,0.98,670730
1.00,0.00,0.00,0.98,672410
1.00,0.00,0.00,0.98,674089
0.00,0.00,0.00,0.08,2310
0.00,0.00,0.00,0.48,4009
0.01,0.00,0.05,0.88,5690
0.01,0.00,0.13,0.98,7369
0.01,0.00,0.21,0.98,9050
0.01,0.00,0.28,0.98,10730
0.02,-0.00,0.32,0.98,12409
0.02,0.00,0.34,0.98,14090
0.02,-0.00,0.33,0.98,15770
0.02,0.00,0.30,0.98,17449
0.03,0.00,0.28,0.98,19130
0.03,0.00,0.28,0.98,20822
0.03,0.00,0.27,0.98,22502
0.03,0.00,0.27,0.98,24181
0.04,-0.00,0.27,0.98,25862
0.04,0.00,0.26,0.98,27542
0.04,0.00,0.25,0.98,29221
0.05,-0.00,0.24,0.98,30902
0.05,0.00,0.24,0.98,32581
0.05,0.00,0.25,0.98,34262
0.05,0.00,0.25,0.98,35942
0.06,0.00,0.28,0.98,37621
0.06,-0.00,0.33,0.98,39302
0.06,-0.00,0.36,0.98,40982
0.06,-0.00,0.38,0.98,42661
0.07,-0.00,0.38,0.98,44365
0.07,-0.00,0.33,0.98,46046
0.07,0.00,0.28,0.98,47726
0.07,0.00,0.24,0.98,49405
0.07,0.00,0.22,0.98,51086
0.08,-0.00,0.21,0.98,52777
0.08,0.00,0.20,0.98,54458
0.08,0.00,0.19,0.98,56138
0.08,0.00,0.18,0.98,57818
0.09,0.00,0.18,0.98,59498
0.09,-0.00,0.18,0.98,61177
0.09,0.00,0.18,0.98,62858
0.09,0.00,0.18,0.98,64538
0.10,0.00,0.17,0.98,66217
0.10,-0.00,0.17,0.98,67898
0.10,-0.00,0.17,0.98,69578
0.10,-0.00,0.17,0.98,71258
0.11,0.00,0.16,0.98,72938
0.11,0.00,0.16,0.98,74617
0.11,-0.00,0.16,0.98,76298
0.11,0.00,0.16,0.98,77977
0.12,0.00,0.16,0.98,79657
0.12,0.00,0.16,0.98,81338
0.12,-0.00,0.16,0.98,83018
0.12,0.00,0.16,0.98,84710
0.13,0.00,0.16,0.98,86389
0.13,0.00,0.16,0.98,88070
0.13,0.00,0.16,0.98,89750
0.13,0.00,0.16,0.98,91429
0.14,0.00,0.16,0.98,93110
0.14,-0.00,0.16,0.98,94790
0.14,0.00,0.16,0.98,96470
0.14,0.00,0.16,0.98,98150
0.15,-0.00,0.16,0.98,99830
0.15,0.00,0.16,0.98,101510
0.15,0.00,0.16,0.98,103190
0.15,0.00,0.16,0.98,104869
0.16,0.00,0.16,0.98,106550
0.16,0.00,0.16,0.98,108230
0.16,0.00,0.17,0.98,109910
0.16,0.00,0.22,0.98,111590
0.17,-0.00,0.28,0.98,113270
0.17,-0.00,0.33,0.98,114962
0.17,-0.00,0.33,0.98,116641
0.17,-0.00,0.35,0.98,118322
0.18,-0.00,0.36,0.98,120002
0.18,0.00,0.39,0.98,121681
0.18,0.00,0.35,0.98,123362
0.18,0.00,0.31,0.98,125042
0.19,-0.00,0.32,0.98,126722
0.19,0.00,0.35,0.98,128402
0.19,-0.00,0.38,0.98,130081
0.19,-0.00,0.36,0.98,131762
0.20,-0.00,0.32,0.98,133442
0.20,-0.00,0.29,0.98,135121
0.20,-0.00,0.27,0.98,136802
0.20,0.00,0.26,0.98,138482
0.21,-0.00,0.25,0.98,140162
0.21,0.00,0.25,0.98,141842
0.21,0.00,0.25,0.98,143521
0.21,0.00,0.25,0.98,145214
0.22,-0.00,0.24,0.98,146893
0.22,0.00,0.25,0.98,148597
0.22,0.00,0.25,0.98,150278
0.22,0.00,0.25,0.98,151958
0.23,-0.00,0.25,0.98,153637
0.23,0.00,0.25,0.98,155318
0.23,0.00,0.25,0.98,156997
0.23,0.00,0.24,0.98,158678
0.24,0.00,0.24,0.98,160358
0.24,0.00,0.24,0.98,162037
0.24,-0.00,0.25,0.98,163718
0.24,0.00,0.25,0.98,165398
0.00,0.00,0.03,0.11,1674
0.00,0.00,0.02,0.51,3342
0.00,0.00,0.02,0.09,1678
0.00,0.00,0.00,0.01,3346
0.00,0.00,0.00,0.01,5025
0.00,0.00,0.00,0.01,6706
0.01,0.00,0.00,0.01,8397
0.01,0.00,0.00,0.01,10078
0.01,-0.00,0.00,0.01,11757
0.01,-0.00,0.00,0.01,13437
0.01,0.00,0.00,0.01,15118
0.01,-0.00,0.00,0.01,16797
0.01,0.00,0.00,0.01,18478
0.01,0.00,0.00,0.01,20158
0.01,-0.00,0.00,0.01,21837
0.01,0.00,0.00,0.01,23518
0.02,0.00,0.00,0.01,25198
0.02,0.00,0.00,0.01,26877
0.02,-0.00,0.00,0.01,28558
0.02,0.00,0.00,0.01,30238
0.02,0.00,0.00,0.01,31918
0.02,0.00,0.00,0.01,33598
0.02,-0.00,0.00,0.01,35277
0.02,0.00,0.00,0.01,36958
0.02,0.00,0.00,0.01,38649
0.02,0.00,0.00,0.01,40330
0.03,0.00,0.00,0.01,42010
0.03,0.00,0.00,0.01,43689
0.03,-0.00,0.00,0.01,45370
0.03,-0.00,0.00,0.01,47049
0.03,0.00,0.00,0.01,48730
0.03,0.00,0.00,0.01,50410
0.03,0.00,0.00,0.01,52089
0.03,-0.00,0.00,0.01,53770
0.03,0.00,0.00,0.01,55450
0.03,0.00,0.00,0.01,57129
0.03,-0.00,0.00,0.01,58810
0.04,-0.00,0.00,0.01,60489
0.04,0.00,0.00,0.01,62170
0.00,-0.00,0.00,0.08,1674
0.00,0.00,0.00,0.01,3342
0.00,-0.00,0.00,0.01,5022
0.00,0.00,0.00,0.01,6702
0.01,0.00,0.00,0.01,8394
0.01,0.00,0.00,0.01,10074
0.01,0.00,0.00,0.01,11754
0.01,0.00,0.00,0.01,13433
0.01,-0.00,0.00,0.01,15114
0.01,0.00,0.00,0.01,16794
0.01,0.00,0.00,0.01,18473
0.01,0.00,0.00,0.01,20154
0.01,0.09,0.74,0.28,21866
0.01,0.09,3.71,0.68,23545
0.02,0.06,4.10,0.99,25226
0.02,0.06,4.10,0.99,26906
0.02,0.06,4.10,0.99,28585
0.02,0.06,4.10,0.99,30266
0.02,0.06,4.10,0.99,31946
0.02,0.05,4.10,0.99,33626
0.02,0.06,4.10,0.99,35306
0.02,0.05,4.10,0.99,36985
0.02,0.05,4.10,0.99,38666
0.00,0.09,1.51,0.41,2282
0.00,0.08,4.10,0.81,4022
0.00,0.05,4.10,0.99,5702
0.00,0.05,4.10,0.99,7382
0.01,0.05,4.10,0.99,9062
0.01,0.05,4.10,0.99,10741
0.01,0.06,4.10,0.99,12422
0.01,0.06,4.10,0.99,14102
0.01,0.06,4.10,0.99,15781
0.01,0.06,4.10,0.99,17462
0.01,0.06,4.10,0.99,19142
0.01,0.06,4.10,0.99,20822
0.01,0.06,4.10,0.99,22502
0.01,0.05,4.10,0.99,24181
0.02,0.05,4.10,0.99,25862
0.02,0.05,4.10,0.99,27542
0.00,0.09,1.51,0.41,1674
0.00,0.08,4.10,0.81,3342
0.00,0.05,4.10,0.99,5022
0.00,0.05,4.10,0.99,6702
0.01,0.06,4.10,0.99,8394
0.01,0.06,4.10,0.99,10074
0.01,0.06,4.10,0.99,11754
0.01,0.06,4.10,0.99,13433
0.01,0.05,4.10,0.99,15114
0.01,0.05,4.10,0.99,16794
0.01,0.05,4.10,0.99,18473
0.01,0.05,4.10,0.99,20154
0.01,0.05,4.10,0.99,21834
0.01,0.05,4.10,0.99,23514
0.02,0.05,4.10,0.99,25194
0.02,0.06,4.10,0.99,26873
0.02,0.06,4.10,0.99,28554
0.02,0.06,4.10,0.99,30234
0.02,0.06,4.10,0.99,31913
0.02,0.06,4.10,0.99,33594
0.02,0.05,4.10,0.99,35274
0.02,0.05,4.10,0.99,36954
0.02,0.05,4.10,0.99,38634
0.02,0.05,4.10,0.99,40326
0.03,0.06,4.10,0.99,42006
0.03,0.06,4.10,0.99,43685
0.03,0.06,4.10,0.99,45366
0.03,0.06,4.10,0.99,47046
0.03,0.05,4.10,0.99,48726
0.03,0.05,4.10,0.99,50406
0.03,0.05,4.10,0.99,52085
0.03,0.05,4.10,0.99,53766
0.03,0.05,4.10,0.99,55446
0.03,0.05,4.10,0.99,57150
0.03,0.06,4.10,0.99,58829
0.04,0.05,4.10,0.99,60510
0.04,0.05,4.10,0.99,62190
0.04,0.05,4.10,0.99,63869
0.04,0.05,4.10,0.99,65550
0.04,0.05,4.10,0.99,67230
0.04,0.05,4.10,0.99,68910
0.04,0.05,4.10,0.99,70590
0.04,0.06,4.10,0.99,72282
0.04,0.06,4.10,0.99,73962
0.04,0.06,4.10,0.99,75641
0.05,0.06,4.10,0.99,77322
0.05,0.06,4.10,0.99,79002
0.05,0.06,4.10,0.99,80681
0.05,0.05,4.10,0.99,82362
0.05,0.06,4.10,0.99,84042
0.05,0.05,4.10,0.99,85722
0.05,0.05,4.10,0.99,87402
0.05,0.07,4.10,0.99,89081
0.05,0.03,4.10,0.99,90762
0.05,0.07,4.10,0.99,92442
0.06,0.03,4.10,0.97,94121
0.06,0.07,4.10,0.97,95802
0.06,0.04,4.10,0.96,97482
0.06,0.07,4.10,0.95,99162
0.06,0.06,4.10,0.94,100842
0.06,0.06,4.10,0.94,102534
0.06,0.06,4.10,0.92,104214
0.06,0.05,4.10,0.92,105893
0.06,0.08,4.10,0.91,107574
0.06,0.08,4.10,0.90,109254
0.07,0.08,4.10,0.90,110934
0.07,0.05,4.10,0.88,112614
0.07,0.06,4.10,0.88,114294
0.07,0.07,4.10,0.87,115974
0.07,0.05,4.10,0.86,117654
0.07,0.09,4.10,0.86,119333
0.07,0.04,4.10,0.85,121014
0.07,0.05,4.10,0.84,122694
0.07,0.05,4.10,0.84,124374
0.07,0.07,4.10,0.84,126054
0.08,0.09,4.10,0.83,127733
0.08,0.06,4.10,0.82,129414
0.08,0.11,4.10,0.82,131094
0.08,0.11,4.10,0.81,132773
0.08,0.07,4.10,0.81,134466
0.08,0.07,4.10,0.80,136145
0.08,0.06,4.10,0.80,137826
0.08,0.11,4.10,0.79,139506
0.08,0.05,4.10,0.78,141186
0.08,0.08,4.10,0.78,142866
0.09,0.08,4.10,0.77,144545
0.09,0.10,4.10,0.77,146226
0.09,0.06,4.10,0.76,147906
0.09,0.12,4.10,0.75,149585
0.09,0.09,4.10,0.76,151266
0.09,0.09,4.10,0.75,152946
0.09,0.10,4.10,0.75,154626
0.09,0.07,4.10,0.73,156306
0.09,0.08,4.10,0.73,157985
0.10,0.10,4.10,0.73,159666
0.10,0.13,4.10,0.72,161378
0.10,0.10,4.10,0.70,163058
0.10,0.06,4.10,0.67,164750
0.10,0.09,4.10,0.66,166430
0.10,0.09,4.10,0.62,168110
0.10,0.09,3.54,0.57,169790
0.10,0.11,2.82,0.51,171469
0.10,0.09,2.09,0.43,173150
0.10,0.09,1.34,0.33,174830
0.11,0.11,0.63,0.19,176509
0.11,0.09,0.12,0.05,178190
0.11,0.10,0.05,0.01,179870
0.11,0.10,0.05,0.01,181550
0.11,0.11,0.05,0.01,183230
0.11,0.11,0.05,0.01,184909
0.11,0.11,0.05,0.01,186590
0.11,0.11,0.05,0.01,188270
0.11,0.11,0.05,0.01,189949
0.11,0.11,0.04,0.01,191630
0.12,0.10,0.04,0.01,193310
0.12,0.09,0.05,0.01,195002
0.12,0.09,0.04,0.01,196682
0.12,0.09,0.05,0.01,198362
0.12,0.10,0.05,0.01,200042
0.12,0.10,0.05,0.01,201721
0.12,0.10,0.05,0.01,203402
0.12,0.11,0.05,0.01,205082
0.12,0.11,0.05,0.01,206761
0.12,0.11,0.05,0.01,208442
0.13,0.11,0.05,0.01,210122
0.13,0.11,0.05,0.01,211802
0.13,0.11,0.05,0.01,213482
0.13,0.11,0.05,0.01,215161
0.13,0.10,0.04,0.01,216842
0.13,0.10,0.05,0.01,218522
0.13,0.10,0.05,0.01,220201
0.13,0.09,0.05,0.01,221882
0.13,0.09,0.05,0.01,223562
0.13,0.09,0.04,0.01,225242
0.14,0.10,0.04,0.01,226934
0.14,0.10,0.04,0.01,228614
0.14,0.10,0.04,0.01,230294
0.14,0.11,0.04,0.01,231973
0.14,0.11,0.05,0.01,233654
0.14,0.11,0.05,0.01,235334
0.14,0.11,0.05,0.01,237014
0.14,0.11,0.04,0.01,238694
0.14,0.11,0.05,0.01,240374
0.14,0.10,0.05,0.01,242054
0.15,0.11,0.04,0.01,243734
0.15,0.10,0.04,0.01,245413
0.15,0.10,0.04,0.01,247094
0.15,0.09,0.04,0.01,248774
0.15,0.09,0.04,0.01,250454
0.15,0.09,0.05,0.01,252134
0.15,0.09,0.05,0.01,253814
0.15,0.09,0.04,0.01,255494
0.15,0.11,0.05,0.01,257185
0.15,0.11,0.05,0.01,258866
0.16,0.11,0.04,0.01,260546
0.16,0.11,0.05,0.01,262225
0.16,0.10,0.05,0.01,263929
0.16,0.11,0.05,0.01,265618
0.16,0.11,0.05,0.01,267297
0.16,0.11,0.05,0.01,268978
0.16,0.10,0.04,0.01,270658
0.16,0.10,0.04,0.01,272337
0.16,0.10,0.04,0.01,274018
0.16,0.09,0.04,0.01,275698
0.17,0.09,0.04,0.01,277378
0.17,0.09,0.04,0.01,279058
0.17,0.09,0.05,0.01,280737
0.17,0.09,0.05,0.01,282418
0.17,0.10,0.05,0.01,284098
0.17,0.10,0.04,0.01,285777
0.17,0.10,0.05,0.01,287470
0.17,0.10,0.04,0.01,289149
0.17,0.10,0.04,0.01,290830
0.17,0.09,0.04,0.01,292510
0.18,0.09,0.04,0.01,294190
0.18,0.09,0.05,0.01,295870
0.18,0.10,0.04,0.01,297549
0.18,0.10,0.05,0.01,299230
0.18,0.11,0.05,0.01,300910
0.18,0.11,0.05,0.01,302589
0.18,0.11,0.05,0.01,304270
0.18,0.11,0.05,0.01,305950
0.18,0.10,0.04,0.01,307630
0.18,0.10,0.04,0.01,309310
0.19,0.09,0.04,0.01,310989
0.19,0.09,0.04,0.01,312670
0.19,0.09,0.05,0.01,314350
0.19,0.09,0.04,0.01,316029
0.19,0.11,0.05,0.01,317722
0.19,0.11,0.05,0.01,319401
0.19,0.11,0.05,0.01,321082
0.19,0.10,0.04,0.01,322762
0.19,0.09,0.04,0.01,324442
0.19,0.09,0.04,0.01,326122
0.20,0.09,0.05,0.01,327801
0.20,0.09,0.04,0.01,329482
0.20,0.10,0.04,0.01,331162
0.20,0.10,0.05,0.01,332841
0.20,0.10,0.05,0.01,334522
0.20,0.11,0.05,0.01,336202
0.20,0.11,0.04,0.01,337882
0.20,0.11,0.05,0.01,339562
0.20,0.10,0.05,0.01,341241
0.20,0.10,0.05,0.01,342922
0.21,0.10,0.04,0.01,344602
0.21,0.09,0.04,0.01,346281
0.21,0.09,0.05,0.01,347962
0.21,0.11,0.05,0.01,349654
0.21,0.11,0.05,0.01,351334
0.21,0.11,0.05,0.01,353014
0.21,0.11,0.05,0.01,354694
0.21,0.11,0.05,0.01,356374
0.21,0.11,0.05,0.01,358053
0.21,0.10,0.05,0.01,359734
0.22,0.10,0.04,0.01,361414
0.22,0.10,0.04,0.01,363094
0.22,0.09,0.04,0.01,364774
0.22,0.09,0.04,0.01,366454
0.22,0.11,0.04,0.01,368158
0.22,0.10,0.05,0.01,369838
0.22,0.10,0.05,0.01,371518
0.22,0.10,0.05,0.01,373197
0.22,0.09,0.05,0.01,374878
0.22,0.09,0.04,0.01,376558
0.23,0.09,0.05,0.01,378237
0.23,0.11,0.05,0.01,379930
0.23,0.11,0.05,0.01,381609
0.23,0.11,0.05,0.01,383290
0.23,0.11,0.04,0.01,384970
0.23,0.11,0.05,0.01,386650
0.23,0.10,0.05,0.01,388330
0.23,0.10,0.04,0.01,390009
0.23,0.10,0.04,0.01,391690
0.23,0.09,0.05,0.01,393370
0.24,0.09,0.04,0.01,395049
0.24,0.09,0.04,0.01,396730
0.24,0.09,0.05,0.01,398410
0.24,0.09,0.05,0.01,400090
0.24,0.09,0.05,0.01,401770
0.24,0.10,0.05,0.01,403449
0.24,0.10,0.05,0.01,405130
0.24,0.11,0.05,0.01,406810
0.24,0.10,0.05,0.01,408489
0.24,0.11,0.05,0.01,410218
0.25,0.09,0.04,0.01,411910
0.25,0.11,0.05,0.01,413601
0.25,0.11,0.04,0.01,415294
0.25,0.09,0.04,0.01,416986
0.25,0.11,0.05,0.01,418678
0.25,0.10,0.05,0.01,420370
0.25,0.09,0.05,0.01,422062
0.25,0.11,0.05,0.01,423754
0.25,0.10,0.04,0.01,425446
0.25,0.09,0.05,0.01,427138
0.26,0.11,0.05,0.01,428830
0.26,0.09,0.04,0.01,430522
0.26,0.10,0.04,0.01,432214
0.26,0.11,0.05,0.01,433906
0.26,0.09,0.05,0.01,435598
0.26,0.10,0.05,0.01,437289
0.26,0.11,0.05,0.01,438982
0.26,0.09,0.04,0.01,440674
0.26,0.10,0.05,0.01,442378
0.26,0.09,0.05,0.01,444069
0.27,0.11,0.05,0.01,445762
0.27,0.10,0.04,0.01,447454
0.27,0.09,0.05,0.01,449145
0.27,0.11,0.05,0.01,450838
0.27,0.09,0.04,0.01,452530
0.27,0.10,0.05,0.01,454221
0.27,0.11,0.05,0.01,455914
0.27,0.09,0.04,0.01,457606
0.27,0.11,0.05,0.01,459297
0.27,0.11,0.05,0.01,460990
0.28,0.09,0.05,0.01,462682
0.28,0.11,0.05,0.01,464373
0.28,0.10,0.05,0.01,466066
0.28,0.10,0.05,0.01,467758
0.28,0.11,0.05,0.01,469450
0.28,0.11,0.05,0.01,471165
0.28,0.11,0.05,0.01,472878
0.28,0.11,0.05,0.01,474566
0.28,0.09,0.04,0.01,476254
0.28,0.10,0.04,0.01,477941
0.28,0.11,0.05,0.01,479630
0.29,0.10,0.05,0.01,481317
0.29,0.09,0.05,0.01,483006
0.29,0.11,0.06,0.01,484698
0.29,0.11,0.04,0.01,486386
0.29,0.09,0.04,0.01,488074
0.29,0.11,0.05,0.01,489765
0.29,0.11,0.04,0.01,491454
0.29,0.09,0.05,0.01,493146
0.29,0.11,0.05,0.01,494834
0.29,0.11,0.04,0.01,496526
0.30,0.09,0.05,0.01,498217
0.30,0.11,0.05,0.01,499906
0.30,0.10,0.04,0.01,501598
0.30,0.11,0.05,0.01,503298
0.30,0.11,0.05,0.01,504990
0.30,0.09,0.04,0.01,506682
0.30,0.11,0.05,0.01,508374
0.30,0.10,0.05,0.01,510066
0.30,0.10,0.05,0.01,511758
0.30,0.11,0.05,0.01,513449
0.31,0.09,0.05,0.01,515142
0.31,0.11,0.05,0.01,516834
0.31,0.10,0.04,0.01,518525
0.31,0.10,0.05,0.01,520218
0.31,0.11,0.05,0.01,521910
0.31,0.09,0.04,0.01,523601
0.31,0.11,0.05,0.01,525294
0.31,0.11,0.04,0.01,526986
0.31,0.09,0.05,0.01,528677
0.31,0.11,0.05,0.01,530370
0.32,0.09,0.05,0.01,532062
0.32,0.11,0.05,0.01,533766
0.32,0.09,0.05,0.01,535457
0.32,0.11,0.05,0.01,537150
0.32,0.11,0.05,0.01,538842
0.32,0.09,0.05,0.01,540533
0.32,0.11,0.06,0.01,542226
0.32,0.10,0.04,0.01,543918
0.32,0.10,0.04,0.01,545610
0.32,0.11,0.05,0.01,547302
0.33,0.09,0.04,0.01,548994
0.33,0.11,0.05,0.01,550686
0.33,0.10,0.04,0.01,552378
0.33,0.10,0.05,0.01,554070
0.33,0.11,0.05,0.01,555762
0.33,0.09,0.04,0.01,557454
0.33,0.10,0.05,0.01,559145
0.33,0.11,0.04,0.01,560838
0.33,0.09,0.05,0.01,562530
0.33,0.11,0.05,0.01,564221
0.34,0.09,0.04,0.01,565925
0.34,0.11,0.06,0.01,567618
0.34,0.10,0.04,0.01,569310
0.34,0.09,0.05,0.01,571001
0.34,0.11,0.05,0.01,572694
0.34,0.10,0.05,0.01,574386
0.34,0.10,0.04,0.01,576102
0.34,0.09,0.05,0.01,577789
0.34,0.11,0.05,0.01,579478
0.34,0.11,0.05,0.01,581166
0.35,0.10,0.04,0.01,582854
0.35,0.09,0.05,0.01,584542
0.35,0.11,0.05,0.01,586229
0.35,0.11,0.05,0.01,587918
0.35,0.09,0.04,0.01,589609
0.35,0.10,0.04,0.01,591298
0.35,0.11,0.06,0.01,592986
0.35,0.11,0.05,0.01,594674
0.35,0.10,0.05,0.01,596374
0.35,0.11,0.05,0.01,598062
0.36,0.10,0.04,0.01,599750
0.36,0.09,0.05,0.01,601442
0.36,0.11,0.05,0.01,603133
0.36,0.11,0.05,0.01,604822
0.36,0.09,0.04,0.01,606514
0.36,0.11,0.05,0.01,608205
0.36,0.10,0.05,0.01,609898
0.36,0.09,0.04,0.01,611590
0.36,0.11,0.05,0.01,613281
0.36,0.10,0.04,0.01,614974
0.37,0.09,0.05,0.01,616666
0.37,0.11,0.05,0.01,618357
0.37,0.10,0.04,0.01,620050
0.37,0.10,0.05,0.01,621742
0.37,0.11,0.05,0.01,623434
0.37,0.10,0.05,0.01,625126
0.37,0.11,0.05,0.01,626830
0.37,0.10,0.05,0.01,628521
0.37,0.10,0.04,0.01,630214
0.37,0.11,0.05,0.01,631906
0.38,0.09,0.04,0.01,633597
0.38,0.10,0.05,0.01,635290
0.38,0.11,0.05,0.01,636982
0.38,0.09,0.04,0.01,638673
0.38,0.11,0.05,0.01,640366
0.38,0.11,0.05,0.01,642058
0.38,0.09,0.04,0.01,643749
0.38,0.11,0.05,0.01,645442
0.38,0.11,0.05,0.01,647134
0.38,0.09,0.04,0.01,648825
0.39,0.11,0.05,0.01,650518
0.39,0.10,0.04,0.01,652210
0.39,0.10,0.05,0.01,653901
0.39,0.11,0.05,0.01,655594
0.39,0.10,0.05,0.01,657286
0.39,0.11,0.05,0.01,658990
0.39,0.10,0.04,0.01,660682
0.39,0.10,0.05,0.01,662374
0.39,0.11,0.05,0.01,664066
0.39,0.10,0.04,0.01,665758
0.40,0.09,0.05,0.01,667450
0.40,0.11,0.05,0.01,669142
0.40,0.10,0.05,0.01,670834
0.40,0.09,0.05,0.01,672526
0.40,0.11,0.06,0.01,674217
0.40,0.10,0.04,0.01,675910
